{
  "total_samples": 629,
  "c_score_sensitive_count": 226,
  "c_score_not_sensitive_count": 403,
  "correlations": {
    "e_mean_confidence_vs_c_sensitive": 0.04271346762951334,
    "e_median_confidence_vs_c_sensitive": 0.033723268776858176,
    "q_mean_confidence_vs_c_sensitive": 0.1803102088052032,
    "q_median_confidence_vs_c_sensitive": 0.18777379995505644,
    "combined_mean_confidence_vs_c_sensitive": 0.15376639630598307,
    "combined_median_confidence_vs_c_sensitive": 0.14937170276572814,
    "e_score_vs_c_sensitive": 0.05141057641352232,
    "q_score_vs_c_sensitive": 0.07853986107189172,
    "e_q_score_sum_vs_c_sensitive": 0.08903042644749894,
    "e_q_score_product_vs_c_sensitive": 0.06487361819059781,
    "e_q_score_max_vs_c_sensitive": 0.07787041241581698,
    "score_disparity_vs_c_sensitive": 0.038009145996983976,
    "total_entity_count_vs_c_sensitive": 0.11492891557429895,
    "e_score_entity_count_vs_c_sensitive": 0.050457265046664354,
    "q_score_qi_count_vs_c_sensitive": 0.3587026434604265,
    "unique_entity_type_count_vs_c_sensitive": 0.22470488428050753,
    "entity_density_vs_c_sensitive": 0.0053514108061274235,
    "narrative_entity_count_vs_c_sensitive": 0.07312730883476407,
    "direct_identifier_count_vs_c_sensitive": -0.03751428967848649,
    "mask_ratio_vs_c_sensitive": -0.03732276992164557,
    "mask_token_count_vs_c_sensitive": 0.05658122836956849,
    "chars_masked_ratio_vs_c_sensitive": 0.10429975768535246,
    "e_score_coverage_vs_c_sensitive": -0.008266612787055793,
    "q_score_coverage_vs_c_sensitive": -0.004775062192983259,
    "text_length_vs_c_sensitive": 0.2710427754363271,
    "word_count_vs_c_sensitive": 0.3213278017896885,
    "sentence_count_vs_c_sensitive": 0.12117669197667316,
    "has_person_vs_c_sensitive": 0.013756906355439864,
    "has_location_vs_c_sensitive": 0.25065478830577886,
    "has_datetime_vs_c_sensitive": 0.04277133795248426,
    "has_organization_vs_c_sensitive": 0.06969752704018596,
    "has_direct_identifier_vs_c_sensitive": 0.005559546028650811,
    "has_high_risk_combo_vs_c_sensitive": 0.21305341313027226,
    "high_risk_combo_count_vs_c_sensitive": 0.08962297963217628
  },
  "feature_importance": [
    [
      "q_score_qi_count",
      0.3587026434604265
    ],
    [
      "word_count",
      0.3213278017896885
    ],
    [
      "text_length",
      0.2710427754363271
    ],
    [
      "has_location",
      0.25065478830577886
    ],
    [
      "unique_entity_type_count",
      0.22470488428050753
    ],
    [
      "has_high_risk_combo",
      0.21305341313027226
    ],
    [
      "q_median_confidence",
      0.18777379995505644
    ],
    [
      "q_mean_confidence",
      0.1803102088052032
    ],
    [
      "combined_mean_confidence",
      0.15376639630598307
    ],
    [
      "combined_median_confidence",
      0.14937170276572814
    ],
    [
      "sentence_count",
      0.12117669197667316
    ],
    [
      "total_entity_count",
      0.11492891557429895
    ],
    [
      "chars_masked_ratio",
      0.10429975768535246
    ],
    [
      "high_risk_combo_count",
      0.08962297963217628
    ],
    [
      "e_q_score_sum",
      0.08903042644749894
    ],
    [
      "q_score",
      0.07853986107189172
    ],
    [
      "e_q_score_max",
      0.07787041241581698
    ],
    [
      "narrative_entity_count",
      0.07312730883476407
    ],
    [
      "has_organization",
      0.06969752704018596
    ],
    [
      "e_q_score_product",
      0.06487361819059781
    ],
    [
      "mask_token_count",
      0.05658122836956849
    ],
    [
      "e_score",
      0.05141057641352232
    ],
    [
      "e_score_entity_count",
      0.050457265046664354
    ],
    [
      "has_datetime",
      0.04277133795248426
    ],
    [
      "e_mean_confidence",
      0.04271346762951334
    ],
    [
      "score_disparity",
      0.038009145996983976
    ],
    [
      "direct_identifier_count",
      0.03751428967848649
    ],
    [
      "mask_ratio",
      0.03732276992164557
    ],
    [
      "e_median_confidence",
      0.033723268776858176
    ],
    [
      "has_person",
      0.013756906355439864
    ],
    [
      "e_score_coverage",
      0.008266612787055793
    ],
    [
      "has_direct_identifier",
      0.005559546028650811
    ],
    [
      "entity_density",
      0.0053514108061274235
    ],
    [
      "q_score_coverage",
      0.004775062192983259
    ]
  ],
  "suggested_e_score_threshold": 0.44586666666666663,
  "suggested_q_score_threshold": 0.0,
  "suggested_combined_threshold": 0.46442105263157896,
  "best_predictors": [
    "q_score_qi_count",
    "word_count"
  ]
}