{
  "total_samples": 629,
  "c_score_sensitive_count": 230,
  "c_score_not_sensitive_count": 399,
  "correlations": {
    "e_mean_confidence_vs_c_sensitive": 0.04545127199494065,
    "e_median_confidence_vs_c_sensitive": 0.03641729898704618,
    "q_mean_confidence_vs_c_sensitive": 0.20234027368513144,
    "q_median_confidence_vs_c_sensitive": 0.2147075189901976,
    "combined_mean_confidence_vs_c_sensitive": 0.13737543107590036,
    "combined_median_confidence_vs_c_sensitive": 0.12869915546339453,
    "e_score_vs_c_sensitive": 0.05210671186850896,
    "q_score_vs_c_sensitive": 0.06989436463374636,
    "e_q_score_sum_vs_c_sensitive": 0.08351927728941326,
    "e_q_score_product_vs_c_sensitive": 0.06806695341411959,
    "e_q_score_max_vs_c_sensitive": 0.07040529403444207,
    "score_disparity_vs_c_sensitive": 0.030358529373704726,
    "total_entity_count_vs_c_sensitive": 0.12917042484524618,
    "e_score_entity_count_vs_c_sensitive": 0.05935117309093143,
    "q_score_qi_count_vs_c_sensitive": 0.40086667414414295,
    "unique_entity_type_count_vs_c_sensitive": 0.2395243985214684,
    "entity_density_vs_c_sensitive": 0.05129399837116322,
    "narrative_entity_count_vs_c_sensitive": 0.08408341720465441,
    "direct_identifier_count_vs_c_sensitive": -0.0165794689237968,
    "mask_ratio_vs_c_sensitive": 0.0038910006091719073,
    "mask_token_count_vs_c_sensitive": 0.0711143180671271,
    "chars_masked_ratio_vs_c_sensitive": 0.053472124025169245,
    "e_score_coverage_vs_c_sensitive": 0.02677450263183004,
    "q_score_coverage_vs_c_sensitive": 0.02373103132698101,
    "text_length_vs_c_sensitive": 0.24132684429286339,
    "word_count_vs_c_sensitive": 0.28767553558988107,
    "sentence_count_vs_c_sensitive": 0.05293164728525226,
    "has_person_vs_c_sensitive": 0.012470573061233819,
    "has_location_vs_c_sensitive": 0.29134690507497907,
    "has_datetime_vs_c_sensitive": 0.058060106417810974,
    "has_organization_vs_c_sensitive": 0.049087178219525476,
    "has_direct_identifier_vs_c_sensitive": -0.033269120231610376,
    "has_high_risk_combo_vs_c_sensitive": 0.20851135435947152,
    "high_risk_combo_count_vs_c_sensitive": 0.09723178137199587
  },
  "feature_importance": [
    [
      "q_score_qi_count",
      0.40086667414414295
    ],
    [
      "has_location",
      0.29134690507497907
    ],
    [
      "word_count",
      0.28767553558988107
    ],
    [
      "text_length",
      0.24132684429286339
    ],
    [
      "unique_entity_type_count",
      0.2395243985214684
    ],
    [
      "q_median_confidence",
      0.2147075189901976
    ],
    [
      "has_high_risk_combo",
      0.20851135435947152
    ],
    [
      "q_mean_confidence",
      0.20234027368513144
    ],
    [
      "combined_mean_confidence",
      0.13737543107590036
    ],
    [
      "total_entity_count",
      0.12917042484524618
    ],
    [
      "combined_median_confidence",
      0.12869915546339453
    ],
    [
      "high_risk_combo_count",
      0.09723178137199587
    ],
    [
      "narrative_entity_count",
      0.08408341720465441
    ],
    [
      "e_q_score_sum",
      0.08351927728941326
    ],
    [
      "mask_token_count",
      0.0711143180671271
    ],
    [
      "e_q_score_max",
      0.07040529403444207
    ],
    [
      "q_score",
      0.06989436463374636
    ],
    [
      "e_q_score_product",
      0.06806695341411959
    ],
    [
      "e_score_entity_count",
      0.05935117309093143
    ],
    [
      "has_datetime",
      0.058060106417810974
    ],
    [
      "chars_masked_ratio",
      0.053472124025169245
    ],
    [
      "sentence_count",
      0.05293164728525226
    ],
    [
      "e_score",
      0.05210671186850896
    ],
    [
      "entity_density",
      0.05129399837116322
    ],
    [
      "has_organization",
      0.049087178219525476
    ],
    [
      "e_mean_confidence",
      0.04545127199494065
    ],
    [
      "e_median_confidence",
      0.03641729898704618
    ],
    [
      "has_direct_identifier",
      0.033269120231610376
    ],
    [
      "score_disparity",
      0.030358529373704726
    ],
    [
      "e_score_coverage",
      0.02677450263183004
    ],
    [
      "q_score_coverage",
      0.02373103132698101
    ],
    [
      "direct_identifier_count",
      0.0165794689237968
    ],
    [
      "has_person",
      0.012470573061233819
    ],
    [
      "mask_ratio",
      0.0038910006091719073
    ]
  ],
  "suggested_e_score_threshold": 0.44586666666666663,
  "suggested_q_score_threshold": 0.0,
  "suggested_combined_threshold": 0.46442105263157896,
  "best_predictors": [
    "q_score_qi_count"
  ]
}